{
  "per_detector_correction": {
    "nrca1": [
      1.1966709121568866,
      0.9465201680053533,
      0.8791393330228144,
      0.9776695868149454,
      1.0124824117519318,
      0.9820867886508043,
      1.0738782759928995,
      1.3981492697971267,
      1.8694318845424656,
      1.9841643386165566,
      2.4011665509854687,
      3.594984094988059,
      2.805255663039262
    ],
    "nrca2": [
      0.8620117802211682,
      1.0677524121316586,
      0.9694732877361741,
      1.1007625199109985,
      1.1526509899126476,
      1.3333802651690807,
      1.2150560112795352,
      1.565533103987151,
      1.086593407393207,
      1.2989332346602371,
      1.9037138763039596,
      0.894526425530092,
      1.512379392624435
    ],
    "nrca3": [
      0.9876588936050077,
      0.6746725434776324,
      1.2686125967879303,
      1.0690559661294297,
      1.0312753803256363,
      1.045811091707803,
      0.9739188022086545,
      0.8339251112642946,
      0.5940562147857611,
      0.6327120837617394,
      0.8407533855904822,
      0.548690735898066,
      1.1132083366741268
    ],
    "nrca4": [
      0.8714602707786255,
      1.0924615150740777,
      1.099889619918739,
      0.9361885942285576,
      0.7634626975295828,
      0.6187519935154271,
      0.5652028579282955,
      0.7126745694399707,
      0.6368136416278923,
      0.6179627345204216,
      0.6158657403788961,
      0.6028875388927055,
      1.5289565470652229
    ],
    "nrcb1": [
      0.9966527768162805,
      0.982360023550571,
      1.0409033263702097,
      0.9800838732629389,
      1.019205894874686,
      1.0337907129282937,
      1.2298154247145678,
      1.139287334614917,
      1.2990301205967514,
      1.170535166912257,
      0.5743079749005633,
      0.6324812149948322,
      0.4277354043346015
    ],
    "nrcb2": [
      0.9896142767702673,
      1.174119628872061,
      0.9742780630312908,
      0.8619880313263807,
      0.8104914010293752,
      0.9226150934450636,
      0.7048609247530677,
      0.40649649557018075,
      0.29781235580076687,
      0.21988867019705224,
      0.06261214291364046,
      0.24517084339050574,
      0.0
    ],
    "nrcb3": [
      1.0586185828068884,
      0.9798497413541314,
      0.8726769958867147,
      1.088854679952265,
      1.0072916721800844,
      1.1805737406399082,
      1.3678198318930288,
      1.3946433302307386,
      1.3848286003986288,
      1.4020325929074111,
      1.318183902709427,
      0.7226271802636424,
      0.6283278789828016
    ],
    "nrcb4": [
      0.906078183603925,
      1.1212458688820102,
      0.9678988875567792,
      1.0047770599572856,
      1.1856993075596651,
      0.8052758920109717,
      0.5157462417957307,
      0.19743040644536902,
      0.07074970481034931,
      0.0,
      0.0684224025465752,
      0.0,
      0.0
    ]
  },
  "magnitude_bins": [
    20.0,
    20.5,
    21.0,
    21.5,
    22.0,
    22.5,
    23.0,
    23.5,
    24.0,
    24.5,
    25.0,
    25.5,
    26.0
  ],
  "std_dev_per_bin": [
    0.10284616450530512,
    0.14464742760847282,
    0.12071784260877047,
    0.07649128645589731,
    0.13746269345013404,
    0.20488156077916658,
    0.30321467234312177,
    0.4669743395855762,
    0.5680955618783815,
    0.6206179979977531,
    0.7886773634898526,
    1.0497784274207427,
    0.8859801976385615
  ]
}